{
  "$schema": "https://schema.management.azure.com/schemas/2019-04-01/deploymentTemplate.json#",
  "contentVersion": "1.0.0.0",
  "metadata": {
    "author": "Tim Groothuis",
    "comments": "Solution template for MediumDemo"
  },
  "parameters": {
    "location": {
      "type": "string",
      "minLength": 1,
      "defaultValue": "[resourceGroup().location]",
      "metadata": {
        "description": "Not used, but needed to pass arm-ttk test `Location-Should-Not-Be-Hardcoded`.  We instead use the `workspace-location` which is derived from the LA workspace"
      }
    },
    "workspace-location": {
      "type": "string",
      "defaultValue": "",
      "metadata": {
        "description": "[concat('Region to deploy solution resources -- separate from location selection',parameters('location'))]"
      }
    },
    "workspace": {
      "defaultValue": "",
      "type": "string",
      "metadata": {
        "description": "Workspace name for Log Analytics where Microsoft Sentinel is setup"
      }
    },
    "resourceGroupName": {
      "type": "string",
      "defaultValue": "[resourceGroup().name]",
      "metadata": {
        "description": "resource group name where Microsoft Sentinel is setup"
      }
    },
    "subscription": {
      "type": "string",
      "defaultValue": "[last(split(subscription().id, '/'))]",
      "metadata": {
        "description": "subscription id where Microsoft Sentinel is setup"
      }
    }
  },
  "variables": {
    "_solutionName": "MediumDemo",
    "_solutionVersion": "3.0.0",
    "solutionId": "test.test",
    "_solutionId": "[variables('solutionId')]",
    "workspaceResourceId": "[resourceId('microsoft.OperationalInsights/Workspaces', parameters('workspace'))]",
    "dataConnectorCCPVersion": "1.0.0",
    "_dataConnectorContentIdConnectorDefinition1": "1PasswordCCP",
    "dataConnectorTemplateNameConnectorDefinition1": "[concat(parameters('workspace'),'-dc-',uniquestring(variables('_dataConnectorContentIdConnectorDefinition1')))]",
    "_dataConnectorContentIdConnections1": "1PasswordCCPConnections",
    "dataConnectorTemplateNameConnections1": "[concat(parameters('workspace'),'-dc-',uniquestring(variables('_dataConnectorContentIdConnections1')))]",
    "dataCollectionEndpointId1": "[concat('/subscriptions/',parameters('subscription'),'/resourceGroups/',parameters('resourceGroupName'),'/providers/Microsoft.Insights/dataCollectionEndpoints/',parameters('workspace'))]",
    "blanks": "[replace('b', 'b', '')]",
    "_solutioncontentProductId": "[concat(take(variables('_solutionId'),50),'-','sl','-', uniqueString(concat(variables('_solutionId'),'-','Solution','-',variables('_solutionId'),'-', variables('_solutionVersion'))))]"
  },
  "resources": [
    {
      "type": "Microsoft.OperationalInsights/workspaces/providers/contentTemplates",
      "apiVersion": "2023-04-01-preview",
      "name": "[concat(parameters('workspace'),'/Microsoft.SecurityInsights/', variables('dataConnectorTemplateNameConnectorDefinition1'), variables('dataConnectorCCPVersion'))]",
      "location": "[parameters('workspace-location')]",
      "dependsOn": [
        "[extensionResourceId(resourceId('Microsoft.OperationalInsights/workspaces', parameters('workspace')), 'Microsoft.SecurityInsights/contentPackages', variables('_solutionId'))]"
      ],
      "properties": {
        "contentId": "[variables('_dataConnectorContentIdConnectorDefinition1')]",
        "displayName": "1Password Events",
        "contentKind": "DataConnector",
        "mainTemplate": {
          "$schema": "https://schema.management.azure.com/schemas/2019-04-01/deploymentTemplate.json#",
          "contentVersion": "[variables('dataConnectorCCPVersion')]",
          "parameters": {},
          "variables": {},
          "resources": [
            {
              "name": "[concat(parameters('workspace'),'/Microsoft.SecurityInsights/',variables('_dataConnectorContentIdConnectorDefinition1'))]",
              "apiVersion": "2022-09-01-preview",
              "type": "Microsoft.OperationalInsights/workspaces/providers/dataConnectorDefinitions",
              "location": "[parameters('workspace-location')]",
              "kind": "Customizable",
              "properties": {
                "connectorUiConfig": {
                  "id": "1PasswordCCP",
                  "title": "1Password Events",
                  "publisher": "Medium Demo",
                  "descriptionMarkdown": "The 1Password connector allows the user to ingest 1Password Audit, ItemUsage and SignIn events into Microsoft Sentinel.",
                  "graphQueriesTableName": "OnePasswordAuditEvents_CL",
                  "graphQueries": [
                    {
                      "metricName": "Total Audit Events received",
                      "legend": "1Password Audit Events",
                      "baseQuery": "OnePasswordAuditEvents_CL"
                    },
                    {
                      "metricName": "Total Sign In Events received",
                      "legend": "1Password Sign In Events",
                      "baseQuery": "OnePasswordSignInEvents_CL"
                    },
                    {
                      "metricName": "Total Item Usage Events received",
                      "legend": "1Password Item Usage Events",
                      "baseQuery": "OnePasswordItemUsageEvents_CL"
                    }
                  ],
                  "sampleQueries": [
                    {
                      "description": "Get Sample of 1Password events",
                      "query": "{{graphQueriesTableName}}\n | take 10"
                    }
                  ],
                  "dataTypes": [
                    {
                      "name": "OnePasswordAuditEvents_CL",
                      "lastDataReceivedQuery": "OnePasswordAuditEvents_CL\n | where TimeGenerated > ago(7d) | summarize Time = max(TimeGenerated)\n | where isnotempty(Time)"
                    },
                    {
                      "name": "OnePasswordSignInEvents_CL",
                      "lastDataReceivedQuery": "OnePasswordSignInEvents_CL\n | where TimeGenerated > ago(7d) | summarize Time = max(TimeGenerated)\n | where isnotempty(Time)"
                    },
                    {
                      "name": "OnePasswordItemUsageEvents_CL",
                      "lastDataReceivedQuery": "OnePasswordItemUsageEvents_CL\n | where TimeGenerated > ago(7d) | summarize Time = max(TimeGenerated)\n | where isnotempty(Time)"
                    }
                  ],
                  "connectivityCriteria": [
                    {
                      "type": "HasDataConnectors"
                    }
                  ],
                  "availability": {
                    "isPreview": false
                  },
                  "permissions": {
                    "resourceProvider": [
                      {
                        "provider": "Microsoft.OperationalInsights/workspaces",
                        "permissionsDisplayText": "Read and Write permissions are required.",
                        "providerDisplayName": "Workspace",
                        "scope": "Workspace",
                        "requiredPermissions": {
                          "write": true,
                          "read": true,
                          "delete": true
                        }
                      }
                    ],
                    "customs": [
                      {
                        "name": "1Password API token",
                        "description": "A 1Password API Token is required. See the [1Password documentation](https://support.1password.com/events-reporting/#appendix-issue-or-revoke-bearer-tokens) on how to create an API token."
                      }
                    ]
                  },
                  "instructionSteps": [
                    {
                      "title": "STEP 1 - Create a 1Password API token",
                      "description": "Follow the [1Password documentation](https://support.1password.com/events-reporting/#appendix-issue-or-revoke-bearer-tokens) for guidance on this step."
                    },
                    {
                      "title": "STEP 2 - Choose the correct base URL",
                      "description": "There are multiple 1Password servers which might host your events. The correct server depends on your license and region. Follow the [1Password documentation](https://developer.1password.com/docs/events-api/reference/#servers) to choose the correct server. Input the base URL as displayed by the documentation (including 'https://' and without a trailing '/')."
                    },
                    {
                      "title": "STEP 3 - Enter your 1Password Details",
                      "description": "Enter the 1Password base URL & API Token below:",
                      "instructions": [
                        {
                          "type": "Textbox",
                          "parameters": {
                            "label": "Base Url",
                            "placeholder": "Enter your Base Url",
                            "type": "text",
                            "name": "BaseUrl"
                          }
                        },
                        {
                          "type": "Textbox",
                          "parameters": {
                            "label": "API Key",
                            "placeholder": "Enter your API Token",
                            "type": "password",
                            "name": "ApiKey"
                          }
                        },
                        {
                          "type": "ConnectionToggleButton",
                          "parameters": {
                            "connectLabel": "connect",
                            "name": "connect"
                          }
                        }
                      ]
                    }
                  ]
                }
              }
            },
            {
              "name": "[concat(parameters('workspace'),'/Microsoft.SecurityInsights/',concat('DataConnector-', variables('_dataConnectorContentIdConnectorDefinition1')))]",
              "apiVersion": "2022-01-01-preview",
              "type": "Microsoft.OperationalInsights/workspaces/providers/metadata",
              "properties": {
                "parentId": "[extensionResourceId(resourceId('Microsoft.OperationalInsights/workspaces', parameters('workspace')), 'Microsoft.SecurityInsights/dataConnectorDefinitions', variables('_dataConnectorContentIdConnectorDefinition1'))]",
                "contentId": "[variables('_dataConnectorContentIdConnectorDefinition1')]",
                "kind": "DataConnector",
                "version": "[variables('dataConnectorCCPVersion')]",
                "source": {
                  "sourceId": "[variables('_solutionId')]",
                  "name": "[variables('_solutionName')]",
                  "kind": "Solution"
                },
                "author": {
                  "name": "Tim Groothuis"
                },
                "support": {
                  "name": "Tim Groothuis",
                  "email": "test@example.com",
                  "tier": "Partner",
                  "link": "https://www.example.com"
                },
                "dependencies": {
                  "criteria": [
                    {
                      "version": "[variables('dataConnectorCCPVersion')]",
                      "contentId": "[variables('_dataConnectorContentIdConnections1')]",
                      "kind": "ResourcesDataConnector"
                    }
                  ]
                }
              }
            },
            {
              "name": "OPDCR",
              "apiVersion": "2022-06-01",
              "type": "Microsoft.Insights/dataCollectionRules",
              "location": "[parameters('workspace-location')]",
              "kind": "[variables('blanks')]",
              "properties": {
                "dataCollectionEndpointId": "[variables('dataCollectionEndpointId1')]",
                "streamDeclarations": {
                  "Custom-OnePasswordEvents": {
                    "columns": [
                      {
                        "name": "uuid",
                        "type": "string"
                      },
                      {
                        "name": "timestamp",
                        "type": "datetime"
                      },
                      {
                        "name": "action",
                        "type": "string"
                      },
                      {
                        "name": "actor_details",
                        "type": "dynamic"
                      },
                      {
                        "name": "actor_uuid",
                        "type": "string"
                      },
                      {
                        "name": "aux_details",
                        "type": "dynamic"
                      },
                      {
                        "name": "aux_id",
                        "type": "string"
                      },
                      {
                        "name": "aux_info",
                        "type": "dynamic"
                      },
                      {
                        "name": "aux_uuid",
                        "type": "string"
                      },
                      {
                        "name": "category",
                        "type": "string"
                      },
                      {
                        "name": "client",
                        "type": "dynamic"
                      },
                      {
                        "name": "country",
                        "type": "string"
                      },
                      {
                        "name": "details",
                        "type": "dynamic"
                      },
                      {
                        "name": "item_uuid",
                        "type": "dynamic"
                      },
                      {
                        "name": "location",
                        "type": "dynamic"
                      },
                      {
                        "name": "object_details",
                        "type": "dynamic"
                      },
                      {
                        "name": "object_type",
                        "type": "string"
                      },
                      {
                        "name": "object_uuid",
                        "type": "string"
                      },
                      {
                        "name": "session",
                        "type": "dynamic"
                      },
                      {
                        "name": "session_uuid",
                        "type": "string"
                      },
                      {
                        "name": "type",
                        "type": "string"
                      },
                      {
                        "name": "target_user",
                        "type": "dynamic"
                      },
                      {
                        "name": "used_version",
                        "type": "int"
                      },
                      {
                        "name": "user",
                        "type": "dynamic"
                      },
                      {
                        "name": "vault_uuid",
                        "type": "string"
                      }
                    ]
                  }
                },
                "destinations": {
                  "logAnalytics": [
                    {
                      "workspaceResourceId": "[variables('workspaceResourceId')]",
                      "name": "clv2ws1"
                    }
                  ]
                },
                "dataFlows": [
                  {
                    "streams": [
                      "Custom-OnePasswordEvents"
                    ],
                    "destinations": [
                      "clv2ws1"
                    ],
                    "transformKql": "source | where isnotempty(object_type) | project-rename TimeGenerated = timestamp, EventId = uuid",
                    "outputStream": "Custom-OnePasswordAuditEvents_CL"
                  },
                  {
                    "streams": [
                      "Custom-OnePasswordEvents"
                    ],
                    "destinations": [
                      "clv2ws1"
                    ],
                    "transformKql": "source | where isnotempty(type) | project-rename TimeGenerated = timestamp, EventId = uuid, SignInType = type ",
                    "outputStream": "Custom-OnePasswordSignInEvents_CL"
                  },
                  {
                    "streams": [
                      "Custom-OnePasswordEvents"
                    ],
                    "destinations": [
                      "clv2ws1"
                    ],
                    "transformKql": "source | where isnotempty(item_uuid) or isnotempty(vault_uuid) | project-rename TimeGenerated = timestamp, EventId = uuid",
                    "outputStream": "Custom-OnePasswordItemUsageEvents_CL"
                  }
                ]
              }
            },
            {
              "name": [
                "OnePasswordAuditEvents_CL",
                "OnePasswordSignInEvents_CL",
                "OnePasswordItemUsageEvents_CL"
              ],
              "apiVersion": [
                "2022-10-01",
                "2022-10-01",
                "2022-10-01"
              ],
              "type": [
                "Microsoft.OperationalInsights/workspaces/tables",
                "Microsoft.OperationalInsights/workspaces/tables",
                "Microsoft.OperationalInsights/workspaces/tables"
              ],
              "location": "[parameters('workspace-location')]",
              "kind": [
                null,
                null,
                null
              ],
              "properties": [
                {
                  "schema": {
                    "name": "OnePasswordAuditEvents_CL",
                    "columns": [
                      {
                        "name": "TimeGenerated",
                        "type": "datetime"
                      },
                      {
                        "name": "EventId",
                        "type": "string"
                      },
                      {
                        "name": "action",
                        "type": "string"
                      },
                      {
                        "name": "actor_details",
                        "type": "dynamic"
                      },
                      {
                        "name": "actor_uuid",
                        "type": "string"
                      },
                      {
                        "name": "aux_details",
                        "type": "dynamic"
                      },
                      {
                        "name": "aux_id",
                        "type": "string"
                      },
                      {
                        "name": "aux_info",
                        "type": "dynamic"
                      },
                      {
                        "name": "aux_uuid",
                        "type": "string"
                      },
                      {
                        "name": "location",
                        "type": "dynamic"
                      },
                      {
                        "name": "object_details",
                        "type": "dynamic"
                      },
                      {
                        "name": "object_type",
                        "type": "string"
                      },
                      {
                        "name": "object_uuid",
                        "type": "string"
                      },
                      {
                        "name": "session",
                        "type": "dynamic"
                      }
                    ]
                  }
                },
                {
                  "schema": {
                    "name": "OnePasswordSignInEvents_CL",
                    "columns": [
                      {
                        "name": "TimeGenerated",
                        "type": "datetime"
                      },
                      {
                        "name": "EventId",
                        "type": "string"
                      },
                      {
                        "name": "category",
                        "type": "string"
                      },
                      {
                        "name": "client",
                        "type": "dynamic"
                      },
                      {
                        "name": "country",
                        "type": "string"
                      },
                      {
                        "name": "details",
                        "type": "dynamic"
                      },
                      {
                        "name": "location",
                        "type": "dynamic"
                      },
                      {
                        "name": "session_uuid",
                        "type": "string"
                      },
                      {
                        "name": "target_user",
                        "type": "dynamic"
                      },
                      {
                        "name": "SignInType",
                        "type": "string"
                      }
                    ]
                  }
                },
                {
                  "schema": {
                    "name": "OnePasswordItemUsageEvents_CL",
                    "columns": [
                      {
                        "name": "TimeGenerated",
                        "type": "datetime"
                      },
                      {
                        "name": "EventId",
                        "type": "string"
                      },
                      {
                        "name": "action",
                        "type": "string"
                      },
                      {
                        "name": "client",
                        "type": "dynamic"
                      },
                      {
                        "name": "item_uuid",
                        "type": "dynamic"
                      },
                      {
                        "name": "location",
                        "type": "dynamic"
                      },
                      {
                        "name": "used_version",
                        "type": "int"
                      },
                      {
                        "name": "user",
                        "type": "dynamic"
                      },
                      {
                        "name": "vault_uuid",
                        "type": "string"
                      }
                    ]
                  }
                }
              ]
            }
          ]
        },
        "packageKind": "Solution",
        "packageVersion": "[variables('_solutionVersion')]",
        "packageName": "[variables('_solutionName')]",
        "contentProductId": "[concat(take(variables('_solutionId'), 50),'-','dc','-', uniqueString(concat(variables('_solutionId'),'-','DataConnector','-',variables('_dataConnectorContentIdConnectorDefinition1'),'-', variables('dataConnectorCCPVersion'))))]",
        "packageId": "[variables('_solutionId')]",
        "contentSchemaVersion": "3.0.0",
        "version": "[variables('dataConnectorCCPVersion')]"
      }
    },
    {
      "name": "[concat(parameters('workspace'),'/Microsoft.SecurityInsights/',variables('_dataConnectorContentIdConnectorDefinition1'))]",
      "apiVersion": "2022-09-01-preview",
      "type": "Microsoft.OperationalInsights/workspaces/providers/dataConnectorDefinitions",
      "location": "[parameters('workspace-location')]",
      "kind": "Customizable",
      "properties": {
        "connectorUiConfig": {
          "id": "1PasswordCCP",
          "title": "1Password Events",
          "publisher": "Medium Demo",
          "descriptionMarkdown": "The 1Password connector allows the user to ingest 1Password Audit, ItemUsage and SignIn events into Microsoft Sentinel.",
          "graphQueriesTableName": "OnePasswordAuditEvents_CL",
          "graphQueries": [
            {
              "metricName": "Total Audit Events received",
              "legend": "1Password Audit Events",
              "baseQuery": "OnePasswordAuditEvents_CL"
            },
            {
              "metricName": "Total Sign In Events received",
              "legend": "1Password Sign In Events",
              "baseQuery": "OnePasswordSignInEvents_CL"
            },
            {
              "metricName": "Total Item Usage Events received",
              "legend": "1Password Item Usage Events",
              "baseQuery": "OnePasswordItemUsageEvents_CL"
            }
          ],
          "sampleQueries": [
            {
              "description": "Get Sample of 1Password events",
              "query": "{{graphQueriesTableName}}\n | take 10"
            }
          ],
          "dataTypes": [
            {
              "name": "OnePasswordAuditEvents_CL",
              "lastDataReceivedQuery": "OnePasswordAuditEvents_CL\n | where TimeGenerated > ago(7d) | summarize Time = max(TimeGenerated)\n | where isnotempty(Time)"
            },
            {
              "name": "OnePasswordSignInEvents_CL",
              "lastDataReceivedQuery": "OnePasswordSignInEvents_CL\n | where TimeGenerated > ago(7d) | summarize Time = max(TimeGenerated)\n | where isnotempty(Time)"
            },
            {
              "name": "OnePasswordItemUsageEvents_CL",
              "lastDataReceivedQuery": "OnePasswordItemUsageEvents_CL\n | where TimeGenerated > ago(7d) | summarize Time = max(TimeGenerated)\n | where isnotempty(Time)"
            }
          ],
          "connectivityCriteria": [
            {
              "type": "HasDataConnectors"
            }
          ],
          "availability": {
            "isPreview": false
          },
          "permissions": {
            "resourceProvider": [
              {
                "provider": "Microsoft.OperationalInsights/workspaces",
                "permissionsDisplayText": "Read and Write permissions are required.",
                "providerDisplayName": "Workspace",
                "scope": "Workspace",
                "requiredPermissions": {
                  "write": true,
                  "read": true,
                  "delete": true
                }
              }
            ],
            "customs": [
              {
                "name": "1Password API token",
                "description": "A 1Password API Token is required. See the [1Password documentation](https://support.1password.com/events-reporting/#appendix-issue-or-revoke-bearer-tokens) on how to create an API token."
              }
            ]
          },
          "instructionSteps": [
            {
              "title": "STEP 1 - Create a 1Password API token",
              "description": "Follow the [1Password documentation](https://support.1password.com/events-reporting/#appendix-issue-or-revoke-bearer-tokens) for guidance on this step."
            },
            {
              "title": "STEP 2 - Choose the correct base URL",
              "description": "There are multiple 1Password servers which might host your events. The correct server depends on your license and region. Follow the [1Password documentation](https://developer.1password.com/docs/events-api/reference/#servers) to choose the correct server. Input the base URL as displayed by the documentation (including 'https://' and without a trailing '/')."
            },
            {
              "title": "STEP 3 - Enter your 1Password Details",
              "description": "Enter the 1Password base URL & API Token below:",
              "instructions": [
                {
                  "type": "Textbox",
                  "parameters": {
                    "label": "Base Url",
                    "placeholder": "Enter your Base Url",
                    "type": "text",
                    "name": "BaseUrl"
                  }
                },
                {
                  "type": "Textbox",
                  "parameters": {
                    "label": "API Key",
                    "placeholder": "Enter your API Token",
                    "type": "password",
                    "name": "ApiKey"
                  }
                },
                {
                  "type": "ConnectionToggleButton",
                  "parameters": {
                    "connectLabel": "connect",
                    "name": "connect"
                  }
                }
              ]
            }
          ]
        }
      }
    },
    {
      "name": "[concat(parameters('workspace'),'/Microsoft.SecurityInsights/',concat('DataConnector-', variables('_dataConnectorContentIdConnectorDefinition1')))]",
      "apiVersion": "2022-01-01-preview",
      "type": "Microsoft.OperationalInsights/workspaces/providers/metadata",
      "properties": {
        "parentId": "[extensionResourceId(resourceId('Microsoft.OperationalInsights/workspaces', parameters('workspace')), 'Microsoft.SecurityInsights/dataConnectorDefinitions', variables('_dataConnectorContentIdConnectorDefinition1'))]",
        "contentId": "[variables('_dataConnectorContentIdConnectorDefinition1')]",
        "kind": "DataConnector",
        "version": "[variables('dataConnectorCCPVersion')]",
        "source": {
          "sourceId": "[variables('_solutionId')]",
          "name": "[variables('_solutionName')]",
          "kind": "Solution"
        },
        "author": {
          "name": "Tim Groothuis"
        },
        "support": {
          "name": "Tim Groothuis",
          "email": "test@example.com",
          "tier": "Partner",
          "link": "https://www.example.com"
        },
        "dependencies": {
          "criteria": [
            {
              "version": "[variables('dataConnectorCCPVersion')]",
              "contentId": "[variables('_dataConnectorContentIdConnections1')]",
              "kind": "ResourcesDataConnector"
            }
          ]
        }
      }
    },
    {
      "type": "Microsoft.OperationalInsights/workspaces/providers/contentTemplates",
      "apiVersion": "2023-04-01-preview",
      "name": "[concat(parameters('workspace'),'/Microsoft.SecurityInsights/', variables('dataConnectorTemplateNameConnections1'), variables('dataConnectorCCPVersion'))]",
      "location": "[parameters('workspace-location')]",
      "dependsOn": [
        "[extensionResourceId(resourceId('Microsoft.OperationalInsights/workspaces', parameters('workspace')), 'Microsoft.SecurityInsights/contentPackages', variables('_solutionId'))]"
      ],
      "properties": {
        "contentId": "[variables('_dataConnectorContentIdConnections1')]",
        "displayName": "1Password Events",
        "contentKind": "ResourcesDataConnector",
        "mainTemplate": {
          "$schema": "https://schema.management.azure.com/schemas/2019-04-01/deploymentTemplate.json#",
          "contentVersion": "[variables('dataConnectorCCPVersion')]",
          "parameters": {
            "apikey": {
              "defaultValue": "-NA-",
              "type": "securestring",
              "minLength": 1
            },
            "BaseUrl": {
              "defaultValue": "Enter BaseUrl value",
              "type": "string",
              "minLength": 1
            },
            "connectorDefinitionName": {
              "defaultValue": "1Password Events",
              "type": "string",
              "minLength": 1
            },
            "workspace": {
              "defaultValue": "[parameters('workspace')]",
              "type": "string"
            },
            "dcrConfig": {
              "defaultValue": {
                "dataCollectionEndpoint": "data collection Endpoint",
                "dataCollectionRuleImmutableId": "data collection rule immutableId"
              },
              "type": "object"
            }
          },
          "variables": {
            "_dataConnectorContentIdConnections1": "[variables('_dataConnectorContentIdConnections1')]"
          },
          "resources": [
            {
              "name": "[concat(parameters('workspace'),'/Microsoft.SecurityInsights/',concat('DataConnector-', variables('_dataConnectorContentIdConnections1')))]",
              "apiVersion": "2022-01-01-preview",
              "type": "Microsoft.OperationalInsights/workspaces/providers/metadata",
              "properties": {
                "parentId": "[extensionResourceId(resourceId('Microsoft.OperationalInsights/workspaces', parameters('workspace')), 'Microsoft.SecurityInsights/dataConnectors', variables('_dataConnectorContentIdConnections1'))]",
                "contentId": "[variables('_dataConnectorContentIdConnections1')]",
                "kind": "ResourcesDataConnector",
                "version": "[variables('dataConnectorCCPVersion')]",
                "source": {
                  "sourceId": "[variables('_solutionId')]",
                  "name": "[variables('_solutionName')]",
                  "kind": "Solution"
                },
                "author": {
                  "name": "Tim Groothuis"
                },
                "support": {
                  "name": "Tim Groothuis",
                  "email": "test@example.com",
                  "tier": "Partner",
                  "link": "https://www.example.com"
                }
              }
            },
            {
              "name": "[concat(parameters('workspace'),'/Microsoft.SecurityInsights/', '1Password_Audit_events')]",
              "apiVersion": "2023-02-01-preview",
              "type": "Microsoft.OperationalInsights/workspaces/providers/dataConnectors",
              "location": "[parameters('workspace-location')]",
              "kind": "RestApiPoller",
              "properties": {
                "connectorDefinitionName": "1PasswordCCP",
                "dataType": "OnePasswordAuditEvents_CL",
                "dcrConfig": {
                  "streamName": "Custom-OnePasswordEvents",
                  "dataCollectionEndpoint": "[[parameters('dcrConfig').dataCollectionEndpoint]",
                  "dataCollectionRuleImmutableId": "[[parameters('dcrConfig').dataCollectionRuleImmutableId]"
                },
                "auth": {
                  "type": "APIKey",
                  "ApiKey": "[[parameters('apikey')]",
                  "ApiKeyName": "Authorization",
                  "ApiKeyIdentifier": "Bearer"
                },
                "request": {
                  "apiEndpoint": "[[concat('', parameters('BaseUrl'), '/api/v1/auditevents')]",
                  "httpMethod": "Post",
                  "queryWindowInMin": 5,
                  "queryTimeFormat": "yyyy-MM-ddTHH:mm:ssZ",
                  "rateLimitQps": 1,
                  "retryCount": 3,
                  "timeoutInSeconds": 60,
                  "headers": {
                    "Content-Type": "application/json"
                  },
                  "queryParametersTemplate": "{\"limit\": 1000, \"start_time\": \"{_QueryWindowStartTime}\", \"end_time\": \"{_QueryWindowEndTime}\" }",
                  "isPostPayloadJson": true
                },
                "response": {
                  "format": "json",
                  "eventsJsonPaths": [
                    "$.items"
                  ]
                },
                "paging": {
                  "pagingType": "NextPageToken",
                  "nextPageParaName": "cursor",
                  "nextPageTokenJsonPath": "$.cursor",
                  "hasNextFlagJsonPath": "$.has_more"
                }
              }
            },
            {
              "name": "[concat(parameters('workspace'),'/Microsoft.SecurityInsights/', '1Password_SignIn_events')]",
              "apiVersion": "2023-02-01-preview",
              "type": "Microsoft.OperationalInsights/workspaces/providers/dataConnectors",
              "location": "[parameters('workspace-location')]",
              "kind": "RestApiPoller",
              "properties": {
                "connectorDefinitionName": "1PasswordCCP",
                "dataType": "OnePasswordSignInEvents_CL",
                "dcrConfig": {
                  "streamName": "Custom-OnePasswordEvents",
                  "dataCollectionEndpoint": "[[parameters('dcrConfig').dataCollectionEndpoint]",
                  "dataCollectionRuleImmutableId": "[[parameters('dcrConfig').dataCollectionRuleImmutableId]"
                },
                "auth": {
                  "type": "APIKey",
                  "ApiKey": "[[parameters('apikey')]",
                  "ApiKeyName": "Authorization",
                  "ApiKeyIdentifier": "Bearer"
                },
                "request": {
                  "apiEndpoint": "[[concat('', parameters('BaseUrl'), '/api/v1/signinattempts')]",
                  "httpMethod": "Post",
                  "queryWindowInMin": 5,
                  "queryTimeFormat": "yyyy-MM-ddTHH:mm:ssZ",
                  "rateLimitQps": 1,
                  "retryCount": 3,
                  "timeoutInSeconds": 60,
                  "headers": {
                    "Content-Type": "application/json"
                  },
                  "queryParametersTemplate": "{\"limit\": 1000, \"start_time\": \"{_QueryWindowStartTime}\", \"end_time\": \"{_QueryWindowEndTime}\" }",
                  "isPostPayloadJson": true
                },
                "response": {
                  "format": "json",
                  "eventsJsonPaths": [
                    "$.items"
                  ]
                },
                "paging": {
                  "pagingType": "NextPageToken",
                  "nextPageParaName": "cursor",
                  "nextPageTokenJsonPath": "$.cursor",
                  "hasNextFlagJsonPath": "$.has_more"
                }
              }
            },
            {
              "name": "[concat(parameters('workspace'),'/Microsoft.SecurityInsights/', '1Password_ItemUsage_events')]",
              "apiVersion": "2023-02-01-preview",
              "type": "Microsoft.OperationalInsights/workspaces/providers/dataConnectors",
              "location": "[parameters('workspace-location')]",
              "kind": "RestApiPoller",
              "properties": {
                "connectorDefinitionName": "1PasswordCCP",
                "dataType": "OnePasswordItemUsageEvents_CL",
                "dcrConfig": {
                  "streamName": "Custom-OnePasswordEvents",
                  "dataCollectionEndpoint": "[[parameters('dcrConfig').dataCollectionEndpoint]",
                  "dataCollectionRuleImmutableId": "[[parameters('dcrConfig').dataCollectionRuleImmutableId]"
                },
                "auth": {
                  "type": "APIKey",
                  "ApiKey": "[[parameters('apikey')]",
                  "ApiKeyName": "Authorization",
                  "ApiKeyIdentifier": "Bearer"
                },
                "request": {
                  "apiEndpoint": "[[concat('', parameters('BaseUrl'), '/api/v1/itemusages')]",
                  "httpMethod": "Post",
                  "queryWindowInMin": 5,
                  "queryTimeFormat": "yyyy-MM-ddTHH:mm:ssZ",
                  "rateLimitQps": 1,
                  "retryCount": 3,
                  "timeoutInSeconds": 60,
                  "headers": {
                    "Content-Type": "application/json"
                  },
                  "queryParametersTemplate": "{\"limit\": 1000, \"start_time\": \"{_QueryWindowStartTime}\", \"end_time\": \"{_QueryWindowEndTime}\" }",
                  "isPostPayloadJson": true
                },
                "response": {
                  "format": "json",
                  "eventsJsonPaths": [
                    "$.items"
                  ]
                },
                "paging": {
                  "pagingType": "NextPageToken",
                  "nextPageParaName": "cursor",
                  "nextPageTokenJsonPath": "$.cursor",
                  "hasNextFlagJsonPath": "$.has_more"
                }
              }
            }
          ]
        },
        "packageKind": "Solution",
        "packageVersion": "[variables('_solutionVersion')]",
        "packageName": "[variables('_solutionName')]",
        "contentProductId": "[concat(take(variables('_solutionId'), 50),'-','rdc','-', uniqueString(concat(variables('_solutionId'),'-','ResourcesDataConnector','-',variables('_dataConnectorContentIdConnections1'),'-', variables('dataConnectorCCPVersion'))))]",
        "packageId": "[variables('_solutionId')]",
        "contentSchemaVersion": "3.0.0",
        "version": "[variables('dataConnectorCCPVersion')]"
      }
    },
    {
      "type": "Microsoft.OperationalInsights/workspaces/providers/contentPackages",
      "apiVersion": "2023-04-01-preview",
      "location": "[parameters('workspace-location')]",
      "properties": {
        "version": "3.0.0",
        "kind": "Solution",
        "contentSchemaVersion": "3.0.0",
        "displayName": "MediumDemo",
        "publisherDisplayName": "Tim Groothuis",
        "descriptionHtml": "<p><strong>Note:</strong> Please refer to the following before installing the solution:</p>\n<p>• Review the solution <a href=\"https://github.com/Azure/Azure-Sentinel/tree/master/Solutions/MediumDemo/ReleaseNotes.md\">Release Notes</a></p>\n<p>• There may be <a href=\"https://aka.ms/sentinelsolutionsknownissues\">known issues</a> pertaining to this Solution, please refer to them before installing.</p>\n<p>A demo solution for a medium article about the CCP</p>\n<p><strong>Data Connectors:</strong> 1</p>\n<p><a href=\"https://aka.ms/azuresentinel\">Learn more about Microsoft Sentinel</a> | <a href=\"https://aka.ms/azuresentinelsolutionsdoc\">Learn more about Solutions</a></p>\n",
        "contentKind": "Solution",
        "contentProductId": "[variables('_solutioncontentProductId')]",
        "id": "[variables('_solutioncontentProductId')]",
        "icon": "<img src=\"https://raw.githubusercontent.com/Azure/Azure-Sentinel/master/Logos/1password.svg\" width=\"75px\" height=\"75px\">",
        "contentId": "[variables('_solutionId')]",
        "parentId": "[variables('_solutionId')]",
        "source": {
          "kind": "Solution",
          "name": "MediumDemo",
          "sourceId": "[variables('_solutionId')]"
        },
        "author": {
          "name": "Tim Groothuis"
        },
        "support": {
          "name": "Tim Groothuis",
          "email": "test@example.com",
          "tier": "Partner",
          "link": "https://www.example.com"
        },
        "dependencies": {
          "operator": "AND",
          "criteria": [
            {
              "kind": "DataConnector",
              "contentId": "[variables('_dataConnectorContentIdConnections1')]",
              "version": "[variables('dataConnectorCCPVersion')]"
            }
          ]
        },
        "firstPublishDate": "2025-04-28",
        "providers": [
          "test"
        ],
        "categories": {
          "domains": [
            "Security - Network"
          ]
        }
      },
      "name": "[concat(parameters('workspace'),'/Microsoft.SecurityInsights/', variables('_solutionId'))]"
    }
  ],
  "outputs": {}
}
